2790,1.6163999E7
BEM-R,5388000.0
CIPLA-NS,1.6163999E7
CPFE3,8081999.5
2303,2.1552E7
GENTING,2.4246002E7
2301,1.8858E7
LSRG-LS,5388000.0
JSE,5388000.0
4966,2694000.0
2308,5.3880004E7
YKBNK,5388000.0
BCI,1.0776E7
TBIG,2694000.0
MAYBANK,3.7716E7
JSW,2694000.0
2317,2.39766E8
TSKB,2694000.0
2799,1.0776E7
2314,5388000.0
2313,2694000.0
2312,2694000.0
2311,4.041E7
2319,2.6940002E7
2318,1.50864E8
4990,2694000.0
2331,5388000.0
AMARAJABAT-NS,2694000.0
2330,7.97424E8
MINDTREE-NS,2694000.0
BDO,2.4246002E7
PGAS,1.0776E7
TMB-R,5388000.0
ACES,2694000.0
2328,2694000.0
2327,5388000.0
2325,1.6163999E7
2324,1.0776E7
T,8081999.5
GDPL-NS,2694000.0
1477,2694000.0
1476,8081999.5
2323,2694000.0
BDX,2694000.0
5830,1.3470001E7
500084-NS,5388000.0
BRAP4,8081999.5
CIMB,1.8858E7
3673,2694000.0
ALSC3,2694000.0
2338,8081999.5
2333,1.8858E7
2332,2694000.0
SGL,5388000.0
3665,2694000.0
KIMBERA,1.6163999E7
BBCA,7.8126E7
3682,2694000.0
2353,5388000.0
2352,5388000.0
ARCLK,5388000.0
2350,2694000.0
BSDE,5388000.0
39030,2694000.0
2347,5388000.0
2345,2694000.0
2344,5388000.0
SHP,3.5022E7
PCHEM,2.1552E7
BGA,2.4246002E7
ROSN-LS,1.8858E7
QATI,1.3470001E7
3690,2694000.0
5871,1.0776E7
42670,5388000.0
BOLSAA,2694000.0
2360,5388000.0
TATAPOWER-NS,8081999.5
2357,8081999.5
FUNO11,1.8858E7
2356,8081999.5
2355,2694000.0
2354,1.3470001E7
603,2694000.0
604,8081999.5
ISCTR,1.3470001E7
606,5388000.0
10620,2694000.0
607,1.3470001E7
RENT3,1.0776E7
5880,1.8858E7
TATACOMM,5388000.0
138930,8081999.5
1044,3.2327998E7
ACC-NS,5388000.0
SMTO3,5388000.0
1040,1.0776E7
39490,2694000.0
2371,2694000.0
BHW,2694000.0
JAS-R,2694000.0
EKGYO,8081999.5
BID,3.5022E7
5878,2694000.0
HLFG,5388000.0
HERDEZ*,2694000.0
USIM5,2694000.0
GMKN,4.8492004E7
1055,5388000.0
2386,5388000.0
2385,5388000.0
3231,1.0776E7
2383,5388000.0
1052,2694000.0
2382,2.6940002E7
2380,5388000.0
2379,8081999.5
2377,8081999.5
2376,2694000.0
60980,2694000.0
EXITO,2694000.0
8930,2694000.0
34220,2.9634E7
1066,5388000.0
2395,1.3470001E7
2393,2694000.0
2392,2694000.0
1060,2694000.0
631,2694000.0
SLM,4.041E7
2389,2694000.0
639,2694000.0
FSR,7.0044E7
BBL-F,5388000.0
MSGB,2694000.0
500877,2694000.0
EZTC3,2694000.0
M&MFIN-NS,5388000.0
COMI-LS,1.0776E7
5440,2694000.0
SPALI-R,2694000.0
1088,3.5022E7
BLU,2694000.0
3264,2694000.0
SNH,7.8126E7
GFNORTEO,7.0044E7
1083,2694000.0
3260,2694000.0
WALMEX*,5.6574E7
651,2694000.0
656,2.1552E7
5434,2694000.0
SNS,2694000.0
4105,2694000.0
4123,2694000.0
PTBA,2694000.0
1099,2.6940002E7
1098,2694000.0
ALFAA,1.8858E7
LAFMSIA,2694000.0
1093,2.6940002E7
660,1.32006E8
SOL,8.082E7
1089,2694000.0
MDIA3,8081999.5
BAYERCROP-NS,2694000.0
EMAAR,3.5022E7
HYDR,1.0776E7
4130,2694000.0
SPG,5388000.0
SPP,1.3470001E7
CIEL3,4.5798E7
TOPG,2694000.0
TATAGLOBAL-NS,2694000.0
MFSL,2694000.0
4128,2694000.0
9830,1.0776E7
SCC-R,2694000.0
23530,8081999.5
185750,2694000.0
686,2694000.0
688,6.4655996E7
ADANI-NS,2694000.0
CENT,2694000.0
CVCB3,2694000.0
BPI,8081999.5
PFGRUPSURA,5388000.0
GENTERA*,8081999.5
86280,1.0776E7
5483,2694000.0
LPKR,5388000.0
DABUR-NS,1.3470001E7
BDMS-R,1.0776E7
210,1.0776E7
694,8081999.5
696,1.0776E7
500477,8081999.5
698,5388000.0
JUBLFOOD-NS,2694000.0
5478,2694000.0
4147,2694000.0
AXIATA,1.3470001E7
SONDA,2694000.0
PERSISTENT,2694000.0
BBNI,1.8858E7
HAVELLS-NS,8081999.5
33780,5.3880004E7
5490,9.429E7
MOEX,1.6163999E7
55550,9.6984008E7
AOT-R,2.4246002E7
SMLE3,5388000.0
CMIG4,1.3470001E7
5009,2694000.0
TOTS3,5388000.0
BIOCON-NS,5388000.0
4174,5388000.0
HDIL-NS,2694000.0
200625,5388000.0
CTIP3,1.6163999E7
HYPE3,1.6163999E7
4170,5388000.0
SIEMENS-NS,8081999.5
HNDL-NS,1.6163999E7
900948,5388000.0
11070,8081999.5
SUI,2694000.0
6360,5388000.0
240,2694000.0
241,5388000.0
OMN,2694000.0
27410,8081999.5
1907,2694000.0
1904,2694000.0
CEATLTD,2694000.0
NVTK-LS,6.1962E7
900932,5388000.0
ASIANPAINT-NS,2.4246002E7
257,1.8858E7
1918,1.0776E7
LPPF,1.0776E7
OMAB,5388000.0
900924,2694000.0
SWB,2694000.0
BBRI,5.3880004E7
KGH,2.1552E7
8560,2694000.0
BTOW3,2694000.0
CONCOR-NS,2694000.0
INDHOTEL-NS,2694000.0
267,3.2327998E7
268,2694000.0
BALKRISIND,5388000.0
BVN,1.3470001E7
BVT,1.8858E7
STEC-R,2694000.0
PTTEP-R,1.6163999E7
OPL,2694000.0
270,2.1552E7
272,2694000.0
900905,2694000.0
900903,2694000.0
YESBANK-NS,3.7716E7
AKBNK,2.6940002E7
BBTN,2694000.0
108670,2694000.0
285,2694000.0
HARTA,2694000.0
FROTO,2694000.0
ZEEL-NS,2.6940002E7
12330,7.5432E7
CPF-R,1.0776E7
291,1.8858E7
ICBP,8081999.5
2801,1.3470001E7
297,2694000.0
KAJARIACER,2694000.0
KBANK-F,3.2327998E7
2809,5388000.0
INARI,2694000.0
114090,2694000.0
KBANK-R,1.6163999E7
ECOPETROL,1.0776E7
SUNREIT,2694000.0
SITESB-1,5388000.0
UNTR,1.6163999E7
2812,2694000.0
54620,2694000.0
CGPOWER,2694000.0
BZW,1.3470001E7
1966,2694000.0
FIBRAMQ12,2694000.0
GENP,2694000.0
51915,5388000.0
8138,2694000.0
TCELL,1.3470001E7
OTP,3.5022E7
KLK,1.0776E7
SKPETRO,8081999.5
2823,1.8858E7
2820,2694000.0
1970,2694000.0
500092,2694000.0
PTPP,2694000.0
16360,8081999.5
BURSA,5388000.0
MPLU3,2694000.0
BVMF3,5.3880004E7
AMBANK,1.0776E7
32830,3.7716E7
2834,5388000.0
UNVR,2.4246002E7
EGCO-R,2694000.0
BAJFINANCE-NS,1.6163999E7
KIJA,2694000.0
GENM,1.8858E7
1507,2694000.0
2836,2694000.0
1988,3.2327998E7
1504,8081999.5
VOLTAS-NS,2694000.0
8158,2694000.0
ETISALAT,4.3104E7
GFI,1.3470001E7
2845,2694000.0
1513,2694000.0
2841,2694000.0
VEDL,2.1552E7
1515,2694000.0
17670,2.1552E7
CENCOSUD,2.1552E7
PBBANK,6.4655996E7
DTC-LS,2694000.0
JISLJALEQS-NS,2694000.0
GMEXICOB,6.1962E7
2856,2694000.0
3705,2694000.0
2855,2694000.0
3706,2694000.0
2852,2694000.0
TAL,2.1552E7
3702,8081999.5
BLUEDART,2694000.0
VAKRANGEE,2694000.0
MGNT-LS,5.9268E7
1536,2694000.0
VALE3,7.2738E7
1530,5388000.0
47050,2694000.0
2868,2694000.0
TBS,2.6940002E7
GODREJCP-NS,1.6163999E7
181710,2694000.0
AJANTPHARM,2694000.0
2881,5.9268E7
2880,1.8858E7
GTCAP,8081999.5
MRFG3,2694000.0
5904,2694000.0
2877,2694000.0
ALRS,1.8858E7
WUBA,1.6163999E7
ICHB,5388000.0
AIRARABIA,2694000.0
JUSTDIAL,2694000.0
47040,2694000.0
ALSEA*,8081999.5
2892,2.9634E7
2891,5.6574E7
2890,1.3470001E7
KRU,5388000.0
2889,2694000.0
2888,1.0776E7
2404,2694000.0
2887,1.6163999E7
2886,4.3104E7
2885,1.8858E7
2884,2.4246002E7
2883,8081999.5
2882,7.2738E7
69260,2694000.0
ADCB,1.8858E7
2409,1.6163999E7
2408,5388000.0
VIJAYABANK-NS,2694000.0
VIPS,2.9634E7
CCC,8081999.5
517334,1.0776E7
ALUP11,2694000.0
BRML3,1.3470001E7
TRUE-R,8081999.5
2899,1.0776E7
CEMEXCPO,6.4655996E7
2412,6.4655996E7
CCU,8081999.5
192820,2694000.0
1565,2694000.0
TEL,1.3470001E7
102940,2694000.0
532947,2694000.0
TISCO-R,2694000.0
TU-R,5388000.0
DIGI,2.1552E7
GLO,5388000.0
CDR,2694000.0
TFG,1.0776E7
5935,1.32006E8
28050,8081999.5
CEB,2694000.0
90430,4.041E7
90435,5388000.0
2441,2694000.0
18260,2.1552E7
1590,5388000.0
UOADEV,2694000.0
34730,4.8492004E7
1102,1.0776E7
1101,1.8858E7
5940,5388000.0
CEZ,1.3470001E7
10780,2694000.0
GND,2694000.0
1109,4.041E7
2439,2694000.0
DELTA-R,5388000.0
1120,2694000.0
LAME3,2694000.0
78340,2694000.0
2449,5388000.0
2448,2694000.0
1117,2694000.0
6808,1.0776E7
1115,2694000.0
1114,2.6940002E7
SQMB,1.6163999E7
1112,2694000.0
QUAL3,5388000.0
6800,1.3470001E7
BIMAS,1.6163999E7
GAPB,1.6163999E7
6818,8081999.5
2458,2694000.0
JOBS,5388000.0
2455,2694000.0
2454,5.6574E7
700,8.4322202E8
SBSP3,1.8858E7
TIET11,2694000.0
MARICO-NS,1.0776E7
3308,5388000.0
ODPV3,5388000.0
2474,2.9634E7
JSMR,2694000.0
GPW,2694000.0
BBDC3,4.5798E7
3311,1.6163999E7
1133,2694000.0
TIMP3,1.0776E7
CIE,2694000.0
VIBHA-R,2694000.0
3331,2694000.0
BRSR6,2694000.0
3328,3.5022E7
TKG,5388000.0
720,1.6163999E7
BH-R,8081999.5
3323,1.0776E7
TUPRS,1.6163999E7
5500,2694000.0
728,3.2327998E7
729,2694000.0
6837,2.6940002E7
39130,2694000.0
18670,2694000.0
GRT,2.1552E7
2492,2694000.0
KCE-R,5388000.0
2008,2694000.0
3339,2694000.0
2007,2.6940002E7
2005,5388000.0
2489,2694000.0
3336,2694000.0
2002,4.8492004E7
3333,1.8858E7
PARAUCO,8081999.5
SMGR,8081999.5
6863,8081999.5
2023,2694000.0
1171,5388000.0
2018,4.041E7
RELINFRA-NS,2694000.0
NBAD,8081999.5
1169,1.3470001E7
2015,2694000.0
2498,8081999.5
TPEIR,5388000.0
GTC,2694000.0
PEO,2.6940002E7
CLH,2694000.0
EUROB,5388000.0
CLR,2694000.0
TNB,5.3880004E7
1186,1.3470001E7
FGEN,2694000.0
CLS,1.3470001E7
3360,1.0776E7
PFG,8081999.5
751,5388000.0
2027,2694000.0
753,5388000.0
ENELAM,2.9634E7
754,2694000.0
1177,1.8858E7
SUNTV,5388000.0
5534,2694000.0
TOP-R,8081999.5
6881,1.3470001E7
CML,5388000.0
9910,5388000.0
6400,3.2327998E7
130960,5388000.0
GPSC-R,2694000.0
1193,1.6163999E7
PGE,1.0776E7
TON,5388000.0
762,3.7716E7
763,5388000.0
MAXIS,1.3470001E7
PGN,1.3470001E7
INFRATEL,1.3470001E7
TTW-R,2694000.0
9904,1.3470001E7
9921,8081999.5
TPE,2694000.0
3383,8081999.5
3382,2694000.0
SBIN-NS,3.5022E7
2049,5388000.0
RHBBANK,5388000.0
1199,8081999.5
3377,8081999.5
777,2694000.0
EGIE3,8081999.5
6886,1.3470001E7
9914,5388000.0
9917,2694000.0
6409,2694000.0
PIK,1.0776E7
2059,2694000.0
3389,2694000.0
LAN,1.6163999E7
6414,2694000.0
11210,2694000.0
BACHOCOB,2694000.0
9925,2694000.0
308,2694000.0
6415,2694000.0
VIVT4,3.2327998E7
CPI,1.3470001E7
BRFS3,3.7716E7
TRE,2694000.0
IDEA-NS,1.0776E7
CPS,5388000.0
9941,2694000.0
KOSSAN,2694000.0
NOAH,2694000.0
LBH,5388000.0
TRU,1.3470001E7
BAATABAK,2694000.0
533248,2694000.0
ORDS,1.0776E7
799,5388000.0
12510,2694000.0
9933,5388000.0
9939,2694000.0
9938,2694000.0
WHA-R,2694000.0
105560,9.1596E7
CBQK-LS,8081999.5
TSH,2694000.0
KANG,2694000.0
BANPU-R,5388000.0
PKN,4.3104E7
322,1.0776E7
PKO,3.5022E7
ONGC-NS,1.8858E7
327,2694000.0
9945,5388000.0
ADRO,8081999.5
UNSP-NS,1.0776E7
6456,2694000.0
CSB,2694000.0
SAPR4,5388000.0
336,2694000.0
0RGC-LS,8081999.5
338,1.0776E7
HDFC-NS,1.7511E8
6446,2694000.0
LIVEPOLC-1,5388000.0
7310,2694000.0
6462,2694000.0
SCB-R,4.041E7
SMPH,2.4246002E7
GRUMAB,1.6163999E7
TLKM,8.082E7
SALFACORP,2694000.0
HMSP,1.3470001E7
CESP6,5388000.0
354,5388000.0
358,1.0776E7
SECB,2694000.0
175330,2694000.0
64960,2694000.0
6005,2694000.0
6488,2694000.0
96530,2694000.0
COLBUN,8081999.5
FEMSAUBD,8.3514E7
SMRA,5388000.0
363,8081999.5
368,2694000.0
RALLIS-NS,2694000.0
PFC-NS,5388000.0
PPB,8081999.5
36460,5388000.0
LHC,1.0776E7
SIME,2.4246002E7
MINT-R,8081999.5
GLTD-LS,2694000.0
PSSA3,5388000.0
371,1.6163999E7
ABEV3,1.37394E8
30,1.8858E7
31,2694000.0
14680,2694000.0
MPHASIS-NS,2694000.0
11170,2.4246002E7
38,2694000.0
382,2694000.0
384,1.3470001E7
386,1.02372E8
HAR,2694000.0
ADANIPORTS-NS,1.8858E7
9540,3.2327998E7
AMBUJACEM-NS,1.0776E7
8213,2694000.0
390,1.8858E7
392,1.3470001E7
6030,2.1552E7
2908,2694000.0
8207,8081999.5
PSG,8081999.5
ADVANC-R,2.4246002E7
SINA,2.1552E7
HCI,2694000.0
6040,2694000.0
WOCKPHARMA,2694000.0
ITSA4,6.4655996E7
HEROMOTOCO-NS,1.3470001E7
KARURVYSYA-NS,2694000.0
60,2694000.0
BEAUTY-R,2694000.0
2915,5388000.0
2913,2694000.0
PTC,2694000.0
2912,2.1552E7
PTG,1.6163999E7
12450,5388000.0
HDC,2694000.0
GFREGIOO,8081999.5
COPEC,2.4246002E7
34230,2694000.0
LKOD-LS,3.2327998E7
DANA,2694000.0
MEXCHEM*,1.3470001E7
81,2694000.0
1605,5388000.0
86790,5.3880004E7
1604,2694000.0
AIRPORT,5388000.0
MANAPPURAM,2694000.0
DEWH,5388000.0
SISE,2694000.0
TIMECOM,2694000.0
29780,5388000.0
KTC-R,2694000.0
PAVREIT,2694000.0
AUROPHARMA-NS,1.3470001E7
240810,2694000.0
QGTS,5388000.0
1628,2694000.0
3800,8081999.5
EMAARMALLS,5388000.0
SRTRANSFIN-NS,1.3470001E7
8279,2694000.0
LPP,1.0776E7
3818,2694000.0
DCC-R,2694000.0
505200,2.6940002E7
BHARTI-NS,2.9634E7
3813,2694000.0
AEFES,5388000.0
CORFICOLCF,5388000.0
MYEG,5388000.0
BOSCHLTD-NS,1.3470001E7
SANB11,2.1552E7
8299,5388000.0
WIKA,2694000.0
CADILAHC,8081999.5
RICHTER,1.3470001E7
PZU,2.6940002E7
2501,2694000.0
VAKBN,5388000.0
NTPC-NS,2.1552E7
51600,5388000.0
2505,2694000.0
EA-R,5388000.0
VOLARA,2694000.0
SAHOL,1.3470001E7
79160,2694000.0
9150,1.3470001E7
ITC-NS,7.2738E7
IQCD,2.4246002E7
PIIND,5388000.0
2515,2694000.0
1668,2694000.0
2514,2694000.0
1666,5388000.0
84990,5388000.0
SANMEXB,1.3470001E7
ESTC3,5388000.0
LTS,8081999.5
LINK,2694000.0
BJC-R,8081999.5
CHDRAUIB,2694000.0
36490,2694000.0
1205,2694000.0
2534,2694000.0
DRREDDY-NS,2.4246002E7
111770,2694000.0
MRVE3,5388000.0
1208,5388000.0
FFGRP,2694000.0
HMPRO-R,5388000.0
69960,5388000.0
KLBN11,1.3470001E7
TTKPRESTIG-NS,2694000.0
2550,5388000.0
2548,2694000.0
1216,4.5798E7
1211,1.8858E7
2542,5388000.0
1210,2694000.0
ICEM-NS,2694000.0
TTMT-A,8081999.5
AC,2.1552E7
1230,2694000.0
BTS-R,5388000.0
AP,5388000.0
145020,2694000.0
1227,2694000.0
204320,8081999.5
1224,2694000.0
3883,2694000.0
PINFRA*,1.3470001E7
3888,8081999.5
AMXL,1.15842008E8
1229,2694000.0
ABCB4,2694000.0
AIRA,5388000.0
16170,2694000.0
3417,2694000.0
GET&D-NS,2694000.0
CEMARGOS,8081999.5
1234,2694000.0
30000,5388000.0
LABB,5388000.0
810,4.041E7
811,2694000.0
813,8081999.5
3898,1.3470001E7
DIB,8081999.5
28150,2694000.0
816,2694000.0
3899,2694000.0
817,5388000.0
818,2694000.0
KROT3,3.2327998E7
819,2694000.0
TATAMOTORS-NS,5.9268E7
ASURB,1.6163999E7
PFBCOLOM,2.1552E7
TVO-R,2694000.0
DD,2694000.0
YTL,5388000.0
KKP-R,2694000.0
ULKER,2694000.0
2107,2694000.0
2106,2694000.0
2105,2.1552E7
2104,2694000.0
32640,8081999.5
GOAU4,5388000.0
2103,2694000.0
BHARATFIN-NS,2694000.0
2101,2694000.0
5610,2694000.0
ARZZ3,2694000.0
836,1.6163999E7
APOLLOHOSP-NS,5388000.0
SNGS,1.6163999E7
128940,5388000.0
3450,2694000.0
DTEX3,2694000.0
RADL3,2.1552E7
DLG,8081999.5
CSMG3,5388000.0
HTO,1.0776E7
TECHM-NS,1.6163999E7
100120,2694000.0
NTES,1.21229992E8
SUZB5,8081999.5
2128,5388000.0
MYRX,2694000.0
855,2694000.0
857,8.082E7
DMC,5388000.0
ALDAR,8081999.5
VLID3,2694000.0
GARAN,2.9634E7
HINDUNILVR-NS,4.8492004E7
DIVISLAB-NS,5388000.0
861,5388000.0
1288,5.9268E7
SOBHA-NS,2694000.0
867,1.0776E7
VFQS,5388000.0
81660,2694000.0
DNL,2694000.0
KOFL,1.6163999E7
SRF-NS,2694000.0
3000,2694000.0
GGBR4,1.8858E7
3481,1.6163999E7
UPL,2.1552E7
6505,1.8858E7
500086-NS,5388000.0
3490,5388000.0
GODREJIND-NS,2694000.0
880,5388000.0
LREN3,2.6940002E7
881,5388000.0
3008,7.8126E7
882,2694000.0
883,1.07760008E8
PHOR-LS,8081999.5
884,5388000.0
400,5388000.0
3006,2694000.0
3005,2694000.0
405,2694000.0
JD,1.13148E8
URC,1.3470001E7
3023,2694000.0
DPW,1.8858E7
GRUPOSURA,1.6163999E7
3022,2694000.0
GLOW-R,5388000.0
3019,2694000.0
98460,2694000.0
410,5388000.0
2168,5388000.0
MBK,5388000.0
TKFEN,2694000.0
MBT,5388000.0
HYP,1.0776E7
MULT3,8081999.5
3034,1.0776E7
2186,2694000.0
WAHA,2694000.0
WEGE3,1.6163999E7
3026,2694000.0
SUNPHARMA-NS,5.6574E7
GFINBURO,1.8858E7
425,1.3470001E7
46890,2694000.0
BDMN,5388000.0
ROSN,5388000.0
4370,2694000.0
SINTEX,2694000.0
CPLE6,5388000.0
11780,5388000.0
3045,2.6940002E7
3044,5388000.0
2196,8081999.5
3042,2694000.0
TATASTEEL-NS,1.0776E7
QLG,2694000.0
3037,2694000.0
3036,2694000.0
12630,8081999.5
439,2694000.0
11790,2694000.0
JBSS3,1.3470001E7
DISHTV,2694000.0
DSY,1.8858E7
MEG,2694000.0
IGTA3,2694000.0
ANDINA-B,2694000.0
BHEL-NS,8081999.5
THERMAX,2694000.0
5250,2694000.0
GLENMARK,1.0776E7
TERRA13,2694000.0
460,8081999.5
TUBEINVEST-NS,2694000.0
35720,1.0776E7
468,2694000.0
YTLP,2694000.0
Q*,2694000.0
3081,2694000.0
8770,5388000.0
GMRINFRA-NS,2694000.0
139130,8081999.5
LIGT3,2694000.0
SPARC-NS,2694000.0
6121,2694000.0
BIMBOA,1.8858E7
CROMPTON,5388000.0
MIL,5388000.0
IAM,2694000.0
489,1.6163999E7
RAJESHEXPO,2694000.0
IENOVA*,1.0776E7
6116,2694000.0
ERES,1.6163999E7
RAIL3,1.0776E7
35250,1.6163999E7
CPIN,8081999.5
493,8081999.5
24110,1.3470001E7
JINDALSTEL-NS,2694000.0
ROBINS-R,2694000.0
SM,1.6163999E7
36570,2.4246002E7
6147,2694000.0
TCAP-R,2694000.0
HLBANK,1.0776E7
PFAVAL,5388000.0
CTRP,9.6984008E7
ZED,2694000.0
ICT,2694000.0
ARTC,2694000.0
CTRA,5388000.0
TLEVISACPO,6.735E7
ALPHA,1.0776E7
69080,2694000.0
IOICORP,1.0776E7
PTTGC-R,2.1552E7
AGUAS-A,5388000.0
17800,2694000.0
MMI,8081999.5
1707,2694000.0
1704,2694000.0
MTELEKOM,2694000.0
MND,1.3470001E7
6176,2694000.0
TOASO,5388000.0
WB,8081999.5
IVL-R,5388000.0
1711,2694000.0
1710,2694000.0
1718,2694000.0
1717,2694000.0
1714,2694000.0
TEDU,2694000.0
MOH,5388000.0
533519-NS,5388000.0
MOL,1.3470001E7
1723,2694000.0
1722,2694000.0
TAVHL,2694000.0
CCRO3,3.5022E7
IRPC-R,5388000.0
1728,2694000.0
3900,2694000.0
PETD,5388000.0
KPIT-NS,2694000.0
RTKM,8081999.5
BIDU,2.50542E8
MPI,8081999.5
IHH,2.1552E7
BRKM5,8081999.5
MPT,2694000.0
UDCD,2694000.0
SBER,3.5022E7
HALKB,8081999.5
YY,5388000.0
500257-NS,2.6940002E7
--NS,1.6163999E7
IRAO,1.0776E7
1740,2694000.0
GGRM,1.0776E7
GAIL-NS,1.3470001E7
MRP,1.6163999E7
IJM,1.0776E7
9240,1.0776E7
2603,2694000.0
2601,5.1186E7
2600,1.0776E7
2609,2694000.0
2608,2694000.0
2607,8081999.5
2606,2694000.0
180640,2694000.0
MSM,5388000.0
7070,5388000.0
AESGENER,5388000.0
ECL,5388000.0
1766,1.8858E7
2610,2694000.0
MTA,2694000.0
IBULHSGFIN,2.1552E7
2618,5388000.0
CARERATING,2694000.0
ILC,2694000.0
MTL,2694000.0
41510,2694000.0
EDC,2694000.0
MTN,8.3514E7
BCH-R,2694000.0
97950,1.0776E7
TITK,5388000.0
KCHOL,1.3470001E7
1777,2694000.0
1776,1.3470001E7
EDU,3.7716E7
4800,1.0776E7
2628,1.21229992E8
ASTRO,5388000.0
VTBR,5388000.0
MUR,2694000.0
ULTRACEMCO-NS,2.9634E7
IMP,8081999.5
3968,5.6574E7
1304,2694000.0
1303,5.3880004E7
1302,2694000.0
1301,6.1962E7
FLRY3,5388000.0
1308,2694000.0
LT-NS,4.041E7
ENELGXCH,1.0776E7
56190,2694000.0
INL,8081999.5
FALABELLA,2.4246002E7
EMBR3,1.8858E7
1316,8081999.5
1314,2694000.0
1313,2694000.0
1312,2694000.0
KTB-R,8081999.5
MWC,2694000.0
BMRI,4.3104E7
1319,2694000.0
1317,2694000.0
41960,5388000.0
9290,2694000.0
57050,2694000.0
FEDERALBNK-NS,8081999.5
EREGL,1.0776E7
ALPA4,2694000.0
1326,4.8492004E7
CYRE3,5388000.0
120110,5388000.0
DXBE,2694000.0
3983,2694000.0
902,1.3470001E7
3988,2.10132E8
SODA,2694000.0
47810,1.6163999E7
IPL,8081999.5
SFUN,2694000.0
207940,1.3470001E7
BSANTANDER,1.8858E7
1336,2.1552E7
66570,3.2327998E7
914,2.1552E7
916,1.3470001E7
1339,1.3470001E7
BBSE3,3.5022E7
88350,5388000.0
532805-NS,2694000.0
TITAN,1.0776E7
TTKOM,2694000.0
VKE,5388000.0
1347,2694000.0
WABAG,2694000.0
WPRTS,5388000.0
3520,2694000.0
CANBK,2694000.0
921,2694000.0
PTT-R,5.9268E7
QIBK,8081999.5
INDF,1.3470001E7
AC*,1.3470001E7
1363,2694000.0
SOHU,5388000.0
2207,1.3470001E7
1359,1.8858E7
2689,8081999.5
2688,2.1552E7
2204,2694000.0
RDF,2.1552E7
2202,1.8858E7
ISA,8081999.5
2201,2694000.0
934,2694000.0
939,3.66384E8
UGPA3,4.041E7
GRUH-NS,2694000.0
3552,2694000.0
3550,2.6940002E7
ACP,5388000.0
AFLT,8081999.5
1368,2694000.0
941,3.52913984E8
500144,2694000.0
REM,4.5798E7
RES,1.3470001E7
ADH,5388000.0
TVSMOTOR-NS,5388000.0
951,2694000.0
1375,2694000.0
INFY,1.50864E8
956,2694000.0
958,5388000.0
BABA,6.25008E8
MVID,5388000.0
EMI,2694000.0
CHMF,1.6163999E7
VOD,2.1552E7
ITAUCORP,5388000.0
2238,1.8858E7
AEV,1.3470001E7
ELET3,5388000.0
SUZLON-NS,2694000.0
960,1.3470001E7
1387,2694000.0
966,1.8858E7
ENA,2694000.0
HCLT-NS,3.7716E7
968,2694000.0
28260,4.5798E7
AFE,5388000.0
AFG,5388000.0
MISC,8081999.5
ASII,6.4655996E7
RAMCOCEM,5388000.0
590071,5388000.0
1398,2.5593E8
3576,2694000.0
51900,3.5022E7
10950,1.8858E7
EOH,8081999.5
CSAN3,8081999.5
BRES,5388000.0
51905,5388000.0
BELA,8081999.5
CAIRN,8081999.5
BITA,2694000.0
CPN-R,1.0776E7
3105,5388000.0
506,2694000.0
51910,5.6574E7
10130,1.3470001E7
5300,2694000.0
RELCAPITAL-NS,5388000.0
990,2694000.0
992,2.1552E7
996,2694000.0
998,2.9634E7
CONCHATORO,2694000.0
BAAKOMB,1.6163999E7
10140,1.0776E7
AIP,2694000.0
NCC,2694000.0
2280,2694000.0
532129,2694000.0
IOIPG,2694000.0
26960,2694000.0
35420,1.07760008E8
ICICIBANK,2.4246002E7
6650,2694000.0
ENTEL,8081999.5
KLBF,1.0776E7
RLC,2694000.0
RLO,5388000.0
21240,2.1552E7
LINX3,2694000.0
4000,2694000.0
NED,1.8858E7
RMH,1.6163999E7
3152,2694000.0
WSKT,5388000.0
RMI,1.0776E7
53210,2694000.0
ETE,5388000.0
546,2694000.0
NEP,1.3470001E7
GRUPOARGOS,8081999.5
10120,2694000.0
548,2694000.0
ALI,2.6940002E7
TATN,4.8492004E7
64350,2694000.0
ALR,8081999.5
161890,2694000.0
552,8081999.5
YUMC,5.1186E7
12750,5388000.0
103140,2694000.0
4020,2.1552E7
EUR,2694000.0
CSNA3,1.0776E7
AMS,5388000.0
SGGD-LS,2694000.0
563,2694000.0
GCARSOA1,1.3470001E7
5347,8081999.5
ANG,2.1552E7
FIBR3,1.0776E7
BBAS3,4.8492004E7
SULA11,5388000.0
HANA-R,2694000.0
6213,2694000.0
3189,2694000.0
570,5388000.0
PE&OLES*,1.6163999E7
NHM,5388000.0
576,8081999.5
BATAINDIA,2694000.0
5371,2694000.0
MNCN,2694000.0
AEROMEX*,5388000.0
100,5388000.0
586,1.3470001E7
OPAP,1.0776E7
500101,2694000.0
APN,4.3104E7
COALINDIA-NS,1.6163999E7
5385,8081999.5
PWON,5388000.0
EXX,8081999.5
5387,1.6163999E7
5388,2694000.0
AIAENG,5388000.0
5380,1.07760008E8
ITUB4,2.18214E8
CARLSBG,2694000.0
598,2694000.0
119,5388000.0
BHFC-NS,8081999.5
6244,2694000.0
PETKM,5388000.0
8422,2694000.0
7570,2694000.0
96770,4.8492004E7
120,5388000.0
123,5388000.0
ARI,2694000.0
6239,8081999.5
ARL,2694000.0
WIPRO-NS,2.4246002E7
INTP,8081999.5
15760,4.8492004E7
6257,2694000.0
135,1.3470001E7
M&M-NS,4.041E7
6269,2694000.0
CCOLA,2694000.0
BPCL-NS,2.6940002E7
AEONCR,2694000.0
6260,5388000.0
1800,1.0776E7
144,1.6163999E7
STAR,2694000.0
148,1.0776E7
85660,2694000.0
1802,2694000.0
ATT,2694000.0
6278,2694000.0
JFC,8081999.5
BJBR,2694000.0
NESTLEIND-NS,1.0776E7
ABIRLANUVO-NS,5388000.0
34020,5388000.0
151,1.8858E7
152,8081999.5
6271,2694000.0
530019,2694000.0
VAPORES,2694000.0
1818,2694000.0
SCCO,1.6163999E7
1816,1.6163999E7
GLOBAL-R,2694000.0
TRNFP,5388000.0
1813,2694000.0
1812,2694000.0
8464,5388000.0
6285,2694000.0
AXSB-NS,7.0044E7
10060,5388000.0
CPALL-R,4.3104E7
BAJAJFINSV,1.3470001E7
6280,2694000.0
71050,8081999.5
165,8081999.5
PIELIN-NS,1.0776E7
168,8081999.5
AVI,1.3470001E7
JGS,2.1552E7
ECOR3,2694000.0
1828,2694000.0
HAPSENG,5388000.0
IDFCBANK,5388000.0
73240,2694000.0
NPN,3.93324E8
173,2694000.0
175,4.5798E7
1833,1.0776E7
177,8081999.5
WBO,2694000.0
SSA-LS,8081999.5
SAWAD-R,2694000.0
182,2694000.0
BAJAJ-AUTO-NS,1.8858E7
MARK,2.1552E7
161390,1.8858E7
139480,1.8858E7
78930,1.0776E7
1848,2694000.0
TCS-NS,9.429E7
QNBK,4.5798E7
8016,2694000.0
WCT,2694000.0
198,2694000.0
86900,8081999.5
BLAND-R,2694000.0
FBR,5388000.0
GAMUDA,8081999.5
OGZD,2.9634E7
CHILE,1.6163999E7
MYTIL,2694000.0
JKS,2694000.0
NTC,1.0776E7
1880,2.1552E7
4904,1.8858E7
2723,2694000.0
NATU3,8081999.5
8044,2694000.0
DCBBANK,2694000.0
18880,8081999.5
ENBR3,5388000.0
ENELCHILE,1.0776E7
1888,5388000.0
4915,2694000.0
1402,1.0776E7
PAGEIND-NS,5388000.0
1882,8081999.5
1409,2694000.0
EQTL3,1.8858E7
LICHSGFIN-NS,1.3470001E7
MSIL-NS,5.3880004E7
FFA,5388000.0
FFB,8081999.5
CMMT,2694000.0
VTBR-LS,1.6163999E7
1899,2694000.0
1898,5388000.0
200152,2694000.0
SHREECEM,1.0776E7
LALAB,5388000.0
68270,3.2327998E7
WHL,2.6940002E7
48260,2694000.0
FGB,1.6163999E7
214320,2694000.0
8069,2694000.0
4938,2.6940002E7
SAC,5388000.0
FGV,2694000.0
LKOH,8.6208E7
3606,8081999.5
CMPC,1.3470001E7
SCMA,5388000.0
SAP,1.8858E7
AKRA,2694000.0
GRASIM-NS,1.6163999E7
1440,2694000.0
1434,2694000.0
QEWS,8081999.5
PCAR4,1.3470001E7
SBK,8.082E7
3618,8081999.5
PETR3,7.2738E7
1450,8081999.5
VESTA*,2694000.0
4958,2694000.0
1448,2694000.0
BAP,5.6574E7
2777,8081999.5
1444,2694000.0
BAT,8081999.5
BAAPEGAS,2694000.0
BAW,1.0776E7
RAYMOND-NS,2694000.0
MTLS-R,2694000.0
